https://cointelegraph.com/rss, Coin Telegraph
https://news.bitcoin.com/feed/, Bitcoin News 
https://www.cryptoninjas.net/feed/, Crypto Ninjas
https://finance.yahoo.com/news/rssindex, Yahoo Finance 
https://www.investing.com/rss/news_25.rss, Investing dot Com
https://www.cnbc.com/id/19746125/device/rss/rss.xml, CNBC
https://fortune.com/feed, Fortune
https://www.ft.com/?format=rss, FT
https://www.investing.com/rss/news.rss, Investing
https://www.nerdwallet.com/blog/feed/, NerdWallet
https://www.thepennyhoarder.com/feed/, The Penny Hoarder
https://www.moneytalksnews.com/feed/, Money Talks News
https://www.paisabazaar.com/feed/, Paisa Bazaar
https://financialpost.com/category/personal-finance/feed.xml, Financial Post
https://millennialmoney.com/feed/, Millenium Money
https://www.reddit.com/r/stocks/.rss, Reddit Stocks
https://www.reddit.com/r/StockMarket/.rss, Reddit StockMarket
https://economictimes.indiatimes.com/markets/stocks/rssfeeds/2146842.cms, Economic Times (India Times)
https://www.cnbc.com/id/20409666/device/rss/rss.html?x=1, CNBC
https://www.cnbc.com/id/10000664/device/rss/rss.html, CNBC
https://bullsonwallstreet.com/feed/, Bullson Wallet
https://feeds.bloomberg.com/politics/news.rss, Bloomberg
https://seekingalpha.com/feed.xml, Seeking Alpha
https://www.newsbtc.com/feed/, News BTC
https://www.cryptoninjas.net/feed/, Crypto Ninjas
https://medium.com/feed/the-capital, Medium
https://www.financemagnates.com/cryptocurrency/feed/, Finance Magnets
https://www.reddit.com/r/CryptoCurrency/top/.rss?format=xml, Reddit Cryptocurrency
https://www.reddit.com/r/BytecoinBCN/.rss?format=xml, Reddit BitcoinBCN
https://www.reddit.com/r/ethereum/.rss, Reddit Etherium
https://www.reddit.com/r/litecoin/.rss?format=xml, Reddit Litecoin
https://www.reddit.com/r/Ripple/top/.rss?format=xml, Reddit Ripple
https://www.reddit.com/r/Bitcoin/top/.rss?format=xml, Reddit Bitcoin
https://blog.coinbase.com/feed, Coinbase
https://www.reutersagency.com/feed/?taxonomy=best-sectors&post_type=best, Reuters Agency
